﻿<?xml version="1.0" encoding="UTF-8"?>
<!DOCTYPE zoologico SYSTEM "ejercicio2_ra4.dtd">
<zoologico>
  <habitats>
    <habitat id="h1" tipo="terrestre">
      <nombre>Sabana</nombre>
    </habitat>
    <habitat id="h2" tipo="terrestre">
      <nombre>Selva</nombre>
    </habitat>
  </habitats>
  <cuidadores>
    <cuidador id="c1">
      <nombre>Laura Pérez</nombre>
      <telefono>655443322</telefono>
    </cuidador>
    <cuidador id="c2" especialista="h2">
      <nombre>Carlos Gómez</nombre>
      <telefono>917654321</telefono>
    </cuidador>
  </cuidadores>
  <animales>
    <animal id="a1" habitat="h1" cuidadores="c1" edad="8">
      <nombre>León Africano</nombre>
      <especie>Panthera leo</especie>
    </animal>
    <animal id="a2" habitat="h2" cuidadores="c2" edad="25">
      <nombre>Elefante Asiático</nombre>
      <especie>Elephas maximus</especie>
    </animal>
  </animales>
</zoologico>
