﻿<?xml version="1.0" encoding="UTF-8"?>
<!DOCTYPE coleccion_mangas SYSTEM "ejercicio1_ra4.dtd">
<coleccion_mangas>
<manga id="m001" estado="usado">
  <titulo>One Piece</titulo>
  <autores>
    <autor>Eiichiro Oda</autor>
  </autores>
  <editorial>Shueisha</editorial>
  <genero tipo="shonen" />
  <volumenes>
    <total>100</total>
    <en_propiedad>80</en_propiedad>
  </volumenes>
  <coleccion_completa valor="no"/>
  <fecha_compra>2020-05-15</fecha_compra>
  <nota>Edición especial</nota>
</manga>
</coleccion_mangas>
