﻿<?xml version="1.0" encoding="UTF-8"?>
<!DOCTYPE coleccion_mangas SYSTEM "ejercicio1_ra4.dtd">
<coleccion_mangas>
<manga id="m001" autores="a001" estado="usado">
  <titulo>One Piece</titulo>
  <editorial>Shueisha</editorial>
  <genero tipo="shonen" />
  <volumenes>
    <total>100</total>
    <en_propiedad>80</en_propiedad>
  </volumenes>
  <coleccion_completa valor="no"/>
  <fecha_compra>2020-05-15</fecha_compra>
  <nota>Edición especial</nota>
   <nota>No prestar. Es una de mis favoritas</nota>
</manga>
<autores>
    <autor mangas="m001" id="a001">Eiichiro Oda</autor>
  </autores>
</coleccion_mangas>
